Meal,Insulin,Bolus,D1,D2,I_sc,I_p,I_eff,G,G_sc,t
40,125.04,100,40,0,1.34733256168139,1.2458,0.010099904388,108.21059732,108.2116,0
0,25.04,100,39.1489361702128,0.851063829787234,1.34525987969358,1.24796026726982,0.0100998097894872,108.209617319196,108.211399464,1
0,25.04,100,38.3159800814848,1.66591217745586,1.34322949733817,1.25003047178947,0.0100999016742664,108.280231707825,108.211043035039,2
0,25.04,100,37.5007464627298,2.44570085626499,1.34124055135736,1.25201342977987,0.010100170332827,108.418494081413,108.224880769596,3
0,25.04,100,36.7028582401186,3.19155289044509,1.33929219611086,1.25391187917514,0.01010060640038,108.620604771098,108.26360343196,4
0,25.04,100,35.9219463626692,3.90455938724666,1.33738360321632,1.25572848166313,0.0101012008464819,108.882906178861,108.335003699787,5
0,25.04,100,35.1576496315486,4.58578038672373,1.33551396119718,1.2574658246749,0.0101019449649448,109.201878256872,108.444584195602,6
0,25.04,100,34.409614533005,5.23624568980511,1.33368247513762,1.25912642332431,0.010102830364023,109.574134125951,108.596043007856,7
0,25.04,100,33.677495074856,5.85695566519234,1.33188836634458,1.26071272229906,0.010103848956871,109.99641582832,108.791661231475,8
0,25.04,100,32.9609526264548,6.44888203561072,1.3301308720167,1.26222709770428,0.0101049929522647,110.465590210087,109.032612150844,9
0,25.04,100,32.2596557620621,7.01296864392655,1.32840924492001,1.26367185885987,0.0101062548455796,110.978644929056,109.319207762693,10
0,25.04,100,31.5732801075502,7.55013219963156,1.32672275307018,1.26504925005264,0.0101076274100182,111.532684583672,109.651095195965,11
0,25.04,100,30.9015081903683,8.06126300618302,1.32507067942138,1.2663614522445,0.0101091036880815,112.124926959083,110.027413073507,12
0,25.04,100,30.2440292927008,8.54722566967633,1.32345232156132,1.26761058473762,0.0101106769832776,112.752699386469,110.446915850622,13
0,25.04,100,29.6005393077498,9.00885978931515,1.32186699141269,1.2687987067977,0.0101123408520604,113.413435211939,110.908072557791,14
0,25.04,100,28.9707405990742,9.4469806301329,1.32031401494057,1.26992781923632,0.0101140890959942,114.104670371465,111.409145088621,15
0,25.04,100,28.3543418629237,9.86237977840825,1.31879273186583,1.27099986595343,0.0101159157541363,114.824040068452,111.94825014519,16
0,25.04,100,27.7510579934998,10.2558257802065,1.31730249538446,1.27201673544093,0.0101178150956332,115.569275550687,112.523408129842,17
0,25.04,100,27.1606099510849,10.628064763468,1.31584267189251,1.27298026224824,0.0101197816125245,116.338200983533,113.132581614011,18
0,25.04,100,26.5827246329767,10.9798210440556,1.31441264071671,1.27389222841088,0.0101218100127483,117.128730416359,113.773705487916,19
0,25.04,100,26.0171347471687,11.3117977161603,1.31301179385063,1.27475436484292,0.0101238952133446,117.938864839313,114.444710473604,20
0,25.04,100,25.4635786887183,11.6246772274584,1.3116395356961,1.27556835269415,0.0101260323338485,118.766689327659,115.143541346746,21
0,25.04,100,24.9218004187456,11.9191219394001,1.31029528281003,1.27633582467291,0.010128216689872,119.610370270993,115.868170942929,22
0,25.04,100,24.3915493460063,12.1957746730032,1.30897846365632,1.27705836633541,0.0101304437868658,120.468152684759,116.616610808542,23
0,25.04,100,23.8725802109849,12.4552592405139,1.3076885183629,1.27773751734223,0.0101327093140586,121.338357601595,117.386919183785,24
0,25.04,100,23.3646529724533,12.6981809632898,1.30642489848363,1.2783747726831,0.0101350091385686,122.219379540095,118.177206867347,25
0,25.04,100,22.8675326964437,12.9251271762508,1.30518706676516,1.27897158387035,0.0101373392996823,123.109684048687,118.985641401897,26
0,25.04,100,22.3809894475832,13.1366677192336,1.30397449691849,1.27952936010215,0.0101396960032968,124.007805322409,119.810449931255,27
0,25.04,100,21.904798182741,13.3333554155815,1.30278667339523,1.28004946939611,0.0101420756165202,124.912343890419,120.649921009485,28
0,25.04,100,21.438738646938,13.515726538287,1.30162309116836,1.28053323969397,0.0101444746624275,125.821964372171,121.502405585672,29
0,25.04,100,20.9825952714712,13.684301264003,1.30048325551755,1.2809819599381,0.0101468898149658,126.735393300254,122.366317342972,30
0,25.04,100,20.5361570742059,13.8395841152257,1.2993666818188,1.28139688112065,0.0101493178940075,127.651417007957,123.240132534428,31
0,25.04,100,20.0992175619887,13.9820643909487,1.29827289533838,1.28177921730571,0.010151755860544,128.568879579682,124.122389429134,32
0,25.04,100,19.6715746351379,14.1122165860772,1.29720143103104,1.28213014662556,0.0101542008120201,129.486680862404,125.011687459244,33
0,25.04,100,19.2530304939647,14.230500799887,1.29615183334222,1.28245081225121,0.010156649977802,130.403774536419,125.906686139876,34
0,25.04,100,18.8433915472846,14.3373631338035,1.29512365601439,1.28274232333825,0.0101591007147772,131.319166243683,126.806103819184,35
0,25.04,100,18.4424683228743,14.4332360787712,1.29411646189733,1.28300575594838,0.0101615505030824,132.231911772109,127.708716304084,36
0,25.04,100,18.0500753798344,14.5185388924755,1.29312982276226,1.28324215394729,0.0101639969419554,133.14111529423,128.613355397689,37
0,25.04,100,17.6660312228167,14.5936779666747,1.29216331911973,1.28345252987953,0.0101664377457086,134.045927658677,129.518907376997,38
0,25.04,100,17.2901582180759,14.6590471848905,1.29121654004134,1.28363786582081,0.0101688707398195,134.945544732995,130.424311433333,39
0,25.04,100,16.9222825113083,14.7150282707029,1.29028908298496,1.28379911420848,0.0101712938571368,135.839205796341,131.328558093266,40
0,25.04,100,16.5622339472379,14.761991126886,1.28938055362361,1.28393719865053,0.0101737051341971,136.726191980665,132.230687633881,41
0,25.04,100,16.2098459909137,14.8002941656169,1.28849056567779,1.28405301471379,0.0101761027076508,137.605824759004,133.129788503238,42
0,25.04,100,15.8649556506815,14.8302846299849,1.28761874075128,1.28414743069174,0.010178484810793,138.477464479581,134.024995754391,43
0,25.04,100,15.5274034027947,14.852298907021,1.2867647081702,1.28422128835259,0.0101808497701978,139.34050894442,134.915489499429,44
0,25.04,100,15.1970331176288,14.866662832463,1.28592810482547,1.28427540366785,0.0101831960024516,140.194392031232,135.800493388427,45
0,25.04,100,14.8736919874665,14.8736919874665,1.28510857501839,1.28431056752227,0.0101855220109846,141.038582357366,136.679273116988,46
0,25.04,100,14.5572304558183,14.8736919874665,1.28430577030942,1.28432754640517,0.0101878263829956,141.872581984652,137.551134965064,47
0,25.04,100,14.2475021482477,14.8669587633889,1.28351934937002,1.28432708308398,0.0101901077864702,142.69592516399,138.415424368981,48
0,25.04,100,13.944363804668,14.8537788354072,1.28274897783754,1.28430989726028,0.0101923649672872,143.508177118588,139.271524527983,49
0,25.04,100,13.6476752130793,14.834429579434,1.28199432817307,1.28427668620873,0.0101945967464127,144.308932864758,140.118855046104,50
0,25.04,100,13.3572991447159,14.8091794865328,1.28125507952216,1.28422812539946,0.0101968020171786,145.097816069241,140.956870609835,51
0,25.04,100,13.073101290573,14.7782884154304,1.28053091757842,1.2841648691042,0.0101989797426433,145.874477942027,141.785059701716,52
0,25.04,100,12.7949501992842,14.7420078383057,1.27982153444985,1.28408755098663,0.0102011289530326,146.638596163685,142.602943349778,53
0,25.04,100,12.5227172163207,14.7005810800287,1.27912662852799,1.28399678467734,0.0102032487432582,147.389873846252,143.410073912559,54
0,25.04,100,12.2562764244841,14.6542435510136,1.27844590435963,1.28389316433373,0.010205338270512,148.12803852673,144.206033899298,55
0,25.04,100,11.9955045856653,14.6032229738534,1.27777907252124,1.28377726518535,0.0102073967519343,148.852841192285,144.990434824784,56
0,25.04,100,11.7402810838426,14.547739603892,1.27712584949588,1.28364964406484,0.0102094234623526,149.564055336268,145.762916098285,57
0,25.04,100,11.4904878692928,14.4880064438909,1.27648595755267,1.28351083992507,0.0102114177320911,150.261476044193,146.523143945881,58
0,25.04,100,11.2460094039887,14.424229452942,1.27585912462871,1.28336137434268,0.0102133789448469,150.944919108826,147.270810365544,59
0,25.04,100,11.0067326081591,14.3566077497728,1.2752450842134,1.28320175200834,0.0102153065356326,151.614220173578,148.0056321142,60
0,25.04,100,10.7725468079855,14.2853338105895,1.27464357523514,1.28303246120419,0.0102171999887823,152.269233903409,148.727349726076,61
0,25.04,100,10.5433436844114,14.210593661598,1.27405434195032,1.28285397426868,0.0102190588360202,152.909833182452,149.435726561542,62
0,25.04,100,10.3190172230409,14.1325670663387,1.27347713383457,1.28266674804914,0.0102208826545891,153.535908337631,150.130547885724,63
0,25.04,100,10.0994636651039,14.0514277079706,1.27291170547628,1.28247122434245,0.0102226710654379,154.147366387516,150.811619976105,64
0,25.04,100,9.88458145946338,13.967343366633,1.27235781647225,1.28226783032402,0.0102244237314663,154.744130315716,151.478769258388,65
0,25.04,100,9.67427121564501,13.8804760920124,1.27181523132544,1.28205697896547,0.0102261403558244,155.326138368103,152.131841469853,66
0,25.04,100,9.46843565786533,13.7909823712386,1.27128371934489,1.28183906944122,0.0102278206802667,155.89334337321,152.770700849503,67
0,25.04,100,9.26697958003841,13.6990132922307,1.27076305454762,1.28161448752427,0.0102294644835581,156.445712085117,153.395229354245,68
0,25.04,100,9.06980980173972,13.6047147026096,1.27025301556254,1.28138360597158,0.0102310715799312,156.983224548209,154.005325900419,69
0,25.04,100,8.87683512510696,13.5082273642932,1.26975338553634,1.28114678489904,0.0102326418175926,157.505873483164,154.600905629977,70
0,25.04,100,8.68796629265787,13.409687103885,1.26926395204128,1.28090437214665,0.0102341750772776,158.013663693575,155.181899200614,71
0,25.04,100,8.50311594600558,13.3092249589653,1.2687845069849,1.28065670363377,0.0102356712708509,158.506611492599,155.748252099206,72
0,25.04,100,8.32219858545226,13.2069673203916,1.26831484652151,1.28040410370507,0.0102371303399539,158.984744149073,156.299923977885,73
0,25.04,100,8.14513053044264,13.1030360707121,1.26785477096553,1.28014688546712,0.0102385522546945,159.448099352522,156.836888012123,74
0,25.04,100,7.97182988085876,12.9975487187915,1.26740408470661,1.27988535111602,0.010239937012381,159.896724696515,157.359130280202,75
0,25.04,100,7.80221647913836,12.8906185307503,1.26696259612645,1.27961979225625,0.0102412846362965,160.330677179846,157.866649163465,76
0,25.04,100,7.63621187319924,12.7823546573118,1.26653011751731,1.27935049021093,0.0102425951745149,160.750022725002,158.359454766741,77
0,25.04,100,7.47373928015245,12.6728622576498,1.26610646500223,1.27907771632383,0.0102438686987546,161.15483571343,158.837568358393,78
0,25.04,100,7.31472355078751,12.5622426198307,1.26569145845685,1.27880173225316,0.0102451053032713,161.545198537105,159.301021829401,79
0,25.04,100,7.1590911348133,12.4505932779362,1.26528492143281,1.27852279025749,0.0102463051037879,161.921201165918,159.749857170942,80
0,25.04,100,7.00677004683855,12.3380081259548,1.26488668108272,1.27824113347399,0.0102474682364593,162.282940730415,160.184125969937,81
0,25.04,100,6.85768983307603,12.2245775285268,1.26449656808672,1.27795699618907,0.0102485948568729,162.630521119447,160.603888922032,82
0,25.04,100,6.71178153875526,12.1103884286236,1.26411441658043,1.27767060410179,0.0102496851390828,162.964052592266,161.009215361515,83
0,25.04,100,6.56897767622856,11.9955244522435,1.26374006408447,1.27738217458006,0.0102507392746767,163.283651404657,161.400182807666,84
0,25.04,100,6.42921219375561,11.8800660102006,1.26337335143538,1.27709191690994,0.0102517574718746,163.589439448678,161.776876527064,85
0,25.04,100,6.2924204449523,11.7640903970847,1.26301412271789,1.27680003253814,0.0102527399546586,163.881543905597,162.139389111387,86
0,25.04,100,6.15853915888948,11.6476718874649,1.26266222519872,1.27650671530792,0.010253686961933,164.160096911635,162.487820070229,87
0,25.04,100,6.027506410828,11.5308818294101,1.26231750926158,1.27621215168857,0.0102545987467128,164.425235236126,162.82227543851,88
0,25.04,100,5.89926159357634,11.4137887353977,1.26197982834356,1.27591652099864,0.0102554755753416,164.67709997171,163.142867398033,89
0,25.04,100,5.7737453894577,11.2964583706781,1.26164903887284,1.275619995623,0.010256317726736,164.915836236215,163.449713912769,90
0,25.04,100,5.65089974287349,11.1789538391628,1.26132500020765,1.27532274122406,0.0102571254916567,165.141592885838,163.742938377458,91
0,25.04,100,5.53066783345065,11.0613356669013,1.26100757457645,1.27502491694711,0.0102578991720067,165.354522239305,164.022669279134,92
0,25.04,100,5.41299404976021,10.9436618832109,1.26069662701935,1.27472667562008,0.0102586390801525,165.554779812667,164.289039871168,93
0,25.04,100,5.2978239635951,10.8259880995204,1.26039202533076,1.27442816394772,0.0102593455382716,165.742524064392,164.542187859468,94
0,25.04,100,5.18510430479521,10.7083675859901,1.26009364000317,1.27412952270055,0.0102600188777225,165.917916150444,164.782255100453,95
0,25.04,100,5.07478293660807,10.5908513459647,1.25980134417206,1.27383088689848,0.0102606594384377,166.081119689036,165.009387310451,96
0,25.04,100,4.96680883157386,10.4734881883188,1.25951501356199,1.27353238598941,0.0102612675683394,166.232300534749,165.223733786168,97
0,25.04,100,4.86113204792335,10.3563247977498,1.25923452643375,1.27323414402287,0.010261843622776,166.371626561734,165.425447135884,98
0,25.04,100,4.75770370647817,10.2394058030726,1.25895976353263,1.27293627981884,0.0102623879639804,166.499267455695,165.614683021054,99
0,25.04,100,4.65647596804247,10.1227738435706,1.25869060803765,1.2726389071319,0.0102629009605474,166.615394514389,165.791599907982,100
0,25.04,100,4.55740201127561,10.006469633453,1.25842694551195,1.27234213481075,0.010263382986932,166.720180456364,165.956358829264,101
0,25.04,100,4.4604360110357,9.89053202447047,1.25816866385413,1.27204606695333,0.0102638344229654,166.813799237671,166.109123154684,102
0,25.04,100,4.36553311718388,9.77499806673782,1.25791565325055,1.2717508030576,0.0102642556533905,166.896425876303,166.250058371281,103
0,25.04,100,4.27264943383954,9.65990306781114,1.25766780612867,1.27145643816809,0.0102646470674151,166.968236284098,166.379331872286,104
0,25.04,100,4.18174199907699,9.54528065006706,1.25742501711132,1.27116306301831,0.0102650090582816,167.029407105872,166.497112754648,105
0,25.04,100,4.09276876505408,9.43116280642898,1.25718718297188,1.27087076416923,0.0102653420228546,167.080115565554,166.603571624893,106
0,25.04,100,4.00568857856357,9.31757995448483,1.25695420259038,1.27057962414375,0.0102656463612239,167.120539319079,166.698880413025,107
0,25.04,100,3.92046116199838,9.2045609890397,1.25672597691055,1.27028972155751,0.0102659224763239,167.150856313821,166.783212194236,108
0,25.04,100,3.83704709472182,9.0921333331452,1.25650240889766,1.27000113124587,0.0102661707735678,167.171244654359,166.856741018153,109
0,25.04,100,3.75540779483413,8.98032298764683,1.25628340349727,1.2697139243874,0.0102663916604968,167.181882474361,166.919641745394,110
0,25.04,100,3.67550550132702,8.86915457928911,1.25606886759484,1.26942816862378,0.0102665855464434,167.18294781437,166.972089891188,111
0,25.04,100,3.59730325661793,8.75865140741758,1.25585870997615,1.26914392817636,0.0102667528422091,167.174618505317,167.014261475824,112
0,25.04,100,3.52076488945585,8.64883548931546,1.25565284128844,1.26886126395933,0.010266893959755,167.157072057546,167.046332881723,113
0,25.04,100,3.44585499819083,8.53972760421206,1.25545117400253,1.26858023368974,0.0102670093119051,167.13048555518,167.068480716887,114
0,25.04,100,3.37253893439953,8.43134733599885,1.25525362237551,1.26830089199427,0.0102670993120635,167.095035555636,167.080881684546,115
0,25.04,100,3.30078278685912,8.32371311468822,1.25506010241435,1.26802329051302,0.0102671643739423,167.050897994119,167.083712458764,116
0,25.04,100,3.23055336586212,8.2168422566493,1.25487053184015,1.26774747800028,0.0102672049113019,166.998248092921,167.077149565835,117
0,25.04,100,3.16181818786505,8.11075100365383,1.25468483005318,1.2674735004224,0.0102672213377032,166.937260275353,167.061369271252,118
0,25.04,100,3.09454546046367,8.00545456076471,1.25450291809859,1.26720140105284,0.0102672140662698,166.868108084167,167.036547472072,119
0,25.04,100,3.02870406768784,7.90096713309873,1.25432471863288,1.26693122056446,0.0102671835094618,166.790964104282,167.002859594491,120
0,25.04,100,2.96426355560938,7.79730196149424,1.25415015589096,1.2666629971191,0.0102671300788591,166.705999889694,166.960480496449,121
0,25.04,100,2.90119411825599,7.69447135711371,1.25397915565397,1.26639676645467,0.0102670541849559,166.613385894396,166.909584375098,122
0,25.04,100,2.83946658382501,7.59248673501036,1.25381164521774,1.26613256196955,0.0102669562369631,166.513291407177,166.850344678958,123
0,25.04,100,2.77905240119043,7.49135864668726,1.25364755336184,1.26587041480462,0.010266836642622,166.405884490163,166.782934024602,124
0,25.04,100,2.71992362669702,7.39109681167669,1.25348681031932,1.26561035392286,0.0102666958080254,166.29133192096,166.707524117714,125
0,25.04,100,2.66205291123538,7.29171014816649,1.25332934774706,1.26535240618661,0.0102665341374481,166.169799138263,166.624285678363,126
0,25.04,100,2.60541348759208,7.19320680269987,1.25317509869669,1.26509659643258,0.0102663520331864,166.041450190819,166.533388370343,127
0,25.04,100,2.54997915806884,7.09559417897417,1.25302399758611,1.26484294754458,0.0102661498954043,165.906447689608,166.435000734438,128
0,25.04,100,2.49572428236525,6.99887896576342,1.25287598017167,1.26459148052419,0.0102659281219892,165.764952763124,166.329290125472,129
0,25.04,100,2.44262376571918,6.90306716398899,1.25273098352079,1.26434221455924,0.0102656871084139,165.61712501565,166.216422653003,130
0,25.04,100,2.39065304729962,6.80816411296197,1.25258894598524,1.26409516709034,0.0102654272476068,165.4631224884,166.096563125532,131
0,25.04,100,2.33978808884644,6.71417451582022,1.2524498071749,1.26385035387534,0.0102651489298285,165.303101623432,165.969874998106,132
0,25.04,100,2.29000536355183,6.62110246418248,1.25231350793212,1.26360778905192,0.0102648525425561,165.137217230218,165.836520323171,133
0,25.04,100,2.24128184517839,6.5289514620414,1.25217999030654,1.26336748519831,0.010264538470373,164.965622454774,165.69665970458,134
0,25.04,100,2.19359499740864,6.43772444891666,1.25204919753046,1.2631294533921,0.0102642070948661,164.788468751249,165.550452254619,135
0,25.04,100,2.14692276342122,6.34742382228883,1.2519210739947,1.26289370326739,0.0102638587945288,164.605905855877,165.398055553945,136
0,25.04,100,2.10124355568885,6.2580514593342,1.25179556522499,1.2626602430701,0.0102634939446693,164.418081763196,165.239625614332,137
0,25.04,100,2.05653624599335,6.16960873798004,1.25167261785874,1.26242907971169,0.0102631129173258,164.225142704452,165.075316844104,138
0,25.04,100,2.01278015565306,6.08209655729947,1.25155217962241,1.2622002188212,0.0102627160811862,164.027233128094,164.905282016174,139
0,25.04,100,1.96995504595832,5.99551535726444,1.25143419930927,1.2619736647957,0.0102623038015137,163.824495682272,164.729672238558,140
0,25.04,100,1.92804110881027,5.90986513787495,1.25131862675762,1.26174942084918,0.010261876440077,163.617071199272,164.548636927301,141
0,25.04,100,1.88701895755898,5.82514547768209,1.25120541282948,1.26152748905999,0.0102614343550863,163.405098681789,164.362323781695,142
0,25.04,100,1.84686961803645,5.74135555172202,1.25109450938966,1.26130787041679,0.010260977901133,163.188715290973,164.170878761714,143
0,25.04,100,1.80757451978036,5.65849414887765,1.25098586928536,1.26109056486302,0.010260507429135,162.968056336178,163.974446067566,144
0,25.04,100,1.76911548744461,5.57655968868409,1.25087944632604,1.26087557134009,0.0102600232862853,162.743255266325,163.773168121288,145
0,25.04,100,1.73147473239259,5.49555023759388,1.25077519526384,1.26066288782916,0.010259525816006,162.514443662828,163.567185550295,146
0,25.04,100,1.69463484446935,5.41546352471726,1.25067307177435,1.2604525113916,0.0102590153579053,162.281751234007,163.356637172802,147
0,25.04,100,1.65857878394872,5.33629695705241,1.2505730324377,1.26024443820825,0.0102584922477396,162.045305810922,163.141659985043,148
0,25.04,100,1.62328987365194,5.25804763422042,1.25047503472017,1.26003866361739,0.0102579568173781,161.805233344571,162.922389150219,149
0,25.04,100,1.58875179123381,5.18071236271896,1.25037903695606,1.25983518215149,0.0102574093947721,161.561657904381,162.698957989089,150
0,25.04,100,1.55494856163309,5.10428766970864,1.25028499832998,1.25963398757286,0.010256850303927,161.314701677949,162.471497972147,151
0,25.04,100,1.52186454968345,5.02876981634533,1.25019287885955,1.25943507290812,0.0102562798648784,161.06448497196,162.240138713308,152
0,25.04,100,1.48948445288168,4.95415481067167,1.2501026393783,1.25923843048156,0.0102556983936706,160.811126214238,162.005007965038,153
0,25.04,100,1.45779329430973,4.8804384200804,1.25001424151913,1.25904405194744,0.0102551062023388,160.554741956871,161.766231614878,154
0,25.04,100,1.42677641570739,4.80761618336187,1.24992764769789,1.25885192832131,0.0102545035988942,160.295446880362,161.523933683277,155
0,25.04,100,1.39641947069234,4.73568342234795,1.2498428210975,1.25866205001017,0.0102538908873116,160.033353798759,161.278236322694,156
0,25.04,100,1.36670841812442,4.66463525316378,1.24975972565222,1.25847440684182,0.01025326836752,159.768573665705,161.029259817907,157
0,25.04,100,1.33762951561114,4.59446659709912,1.24967832603235,1.2582889880931,0.0102526363353957,159.501215581379,160.777122587466,158
0,25.04,100,1.30916931315132,4.52517219111001,1.24959858762921,1.25810578251734,0.0102519950827582,159.231386800267,160.521941186249,159
0,25.04,100,1.28131464691406,4.45674659796195,1.24952047654042,1.25792477837079,0.0102513448973679,158.959192739732,160.263830309053,160
0,25.04,100,1.25405263314993,4.38918421602477,1.24944395955549,1.25774596343823,0.0102506860629267,158.684736989331,160.002902795189,161
0,25.04,100,1.22737066223185,4.32247928872956,1.24936900414167,1.25756932505774,0.0102500188590805,158.408121320855,159.739269634017,162
0,25.04,100,1.20125639282266,4.25662591369769,1.24929557843018,1.25739485014463,0.0102493435614237,158.129445699031,159.473039971385,163
0,25.04,100,1.17569774616686,4.19161805155141,1.2492236512026,1.25722252521454,0.010248660441506,157.848808292868,159.204321116914,164
0,25.04,100,1.15068290050373,4.12744953441557,1.24915319187762,1.25705233640578,0.010247969766841,157.566305487606,158.933218552105,165
0,25.04,100,1.1262002855994,4.06411407411958,1.24908417049805,1.25688426950092,0.0102472718009163,157.282031897226,158.659835939205,166
0,25.04,100,1.10223857739516,4.00160527010851,1.24901655771806,1.25671830994767,0.0102465668032059,156.996080377494,158.384275130809,167
0,25.04,100,1.07878669276973,3.93991661707205,1.24895032479072,1.25655444287895,0.010245855029184,156.70854203951,158.106636180146,168
0,25.04,100,1.05583378441293,3.87904151229966,1.24888544355578,1.25639265313239,0.0102451367303403,156.419506263725,157.827017352019,169
0,25.04,100,1.0333692358084,3.81897326277016,1.24882188642768,1.25623292526906,0.0102444121541966,156.129060714396,157.54551513436,170
0,25.04,100,1.01138265632311,3.75970509198374,1.24875962638382,1.25607524359159,0.0102436815443257,155.837291354455,157.262224250367,171
0,25.04,100,0.989863876401342,3.70123014654415,1.2486986369531,1.25591959216163,0.0102429451403707,155.544282460763,156.977237671185,172
0,25.04,100,0.968802942860888,3.64354150249856,1.24863889220464,1.25576595481677,0.0102422031780657,155.25011663972,156.6906466291,173
0,25.04,100,0.94819011428938,3.58663217144244,1.24858036673676,1.25561431518673,0.0102414558892588,154.954874843203,156.402540631224,174
0,25.04,100,0.928015856538542,3.53049510639663,1.24852303566619,1.25546465670907,0.0102407035019346,154.658636384821,156.11300747362,175
0,25.04,100,0.908270838314318,3.47512320746348,1.24846687461746,1.25531696264432,0.0102399462402391,154.361478956442,155.82213325586,176
0,25.04,100,0.888945926860822,3.42050932726881,1.24841185971259,1.25517121609056,0.0102391843245052,154.063478644993,155.530002395977,177
0,25.04,100,0.870032183736123,3.3666462761963,1.24835796756087,1.25502739999741,0.010238417971279,153.764709949486,155.23669764578,178
0,25.04,100,0.851520860677908,3.31352682742055,1.24830517524899,1.25488549717961,0.0102376473933472,153.465245798273,154.942300106521,179
0,25.04,100,0.833403395557101,3.26114372174518,1.24825346033123,1.25474549033003,0.0102368727997656,153.165157566494,154.646889244871,180
0,25.04,100,0.815671408417588,3.20948967225182,1.24820280081995,1.25460736203218,0.0102360943958878,152.864515093705,154.350542909196,181
0,25.04,100,0.798316697600193,3.15855736876598,1.24815317517625,1.25447109477235,0.0102353123833955,152.563386701661,154.053337346098,182
0,25.04,100,0.781331235949125,3.10833948214543,1.24810456230079,1.25433667095115,0.0102345269603286,152.261839212254,153.75534721721,183
0,25.04,100,0.764707167099144,3.05882866839658,1.24805694152482,1.25420407289476,0.010233738321117,151.959937965559,153.456645616219,184
0,25.04,100,0.748436801841715,3.01001757262429,1.24801029260143,1.25407328286561,0.0102329466566119,151.657746838004,153.157304086087,185
0,25.04,100,0.732512614568487,2.9618988328204,1.24796459569688,1.25394428307276,0.0102321521541187,151.355328260624,152.857392636471,186
0,25.04,100,0.716927239790434,2.9144650834959,1.24791983138222,1.25381705568178,0.0102313549974297,151.052743237397,152.556979761301,187
0,25.04,100,0.701673468731063,2.86770895916174,1.24787598062501,1.25369158282434,0.0102305553668577,150.750051363643,152.25613245652,188
0,25.04,100,0.686744245992104,2.82162309766321,1.2478330247812,1.25356784660734,0.0102297534392703,150.44731084447,151.954916237945,189
0,25.04,100,0.672132666290145,2.77620014337234,1.24779094558727,1.25344582912168,0.0102289493881238,150.144578513265,151.65339515925,190
0,25.04,100,0.657831971262695,2.73143275024293,1.2477497251524,1.25332551245073,0.0102281433834981,149.8419098502,151.351631830053,191
0,25.04,100,0.643835546342212,2.68731358473271,1.2477093459509,1.25320687867843,0.010227335592132,149.539359000755,151.049687434082,192
0,25.04,100,0.630136917696633,2.64383532859674,1.24766979081473,1.25308990989699,0.0102265261774587,149.236978794242,150.747621747417,193
0,25.04,100,0.616729749235002,2.60099068155632,1.24763104292623,1.25297458821439,0.0102257152996414,148.934820762318,150.445493156782,194
0,25.04,100,0.603607839676811,2.55877236384735,1.24759308581098,1.25286089576145,0.0102249031156093,148.632935157477,150.143358677889,195
0,25.04,100,0.590765119683687,2.51717311865223,1.24755590333072,1.25274881469867,0.0102240897790939,148.331370971512,149.841273973807,196
0,25.04,100,0.57819564905212,2.47618571441886,1.2475194796766,1.25263832722276,0.0102232754406656,148.030175953936,149.539293373348,197
0,25.04,100,0.565893613965904,2.43580294707063,1.24748379936235,1.25252941557284,0.0102224602477699,147.729396630358,149.237469889465,198
0,25.04,100,0.553853324307055,2.39601764211096,1.24744884721779,1.25242206203645,0.0102216443447646,147.429078320795,148.935855237644,199
0,25.04,100,0.542069211023926,2.35682265662577,1.2474146083823,1.2523162489552,0.0102208278729565,147.129265157921,148.634499854274,200
0,25.04,100,0.530535823555332,2.31821088118743,1.24738106829855,1.25221195873024,0.0102200109706385,146.830000105249,148.333452915004,201
0,25.04,100,0.519247827309474,2.28017524166334,1.2473482127063,1.25210917382744,0.0102191937731263,146.531324975217,148.032762353053,202
0,25.04,100,0.508200001196507,2.24270870093241,1.24731602763635,1.25200787678231,0.010218376412796,146.233280447205,147.732474877486,203
0,25.04,100,0.497387235213602,2.2058042605125,1.24728449940456,1.25190805020474,0.0102175590191209,145.935906085438,147.432635991429,204
0,25.04,100,0.486804528081398,2.16945496210188,1.24725361460607,1.25180967678346,0.0102167417187088,145.639240356806,147.133290010231,205
0,25.04,100,0.47644698493073,2.13365388903762,1.24722336010959,1.25171273929032,0.0102159246353391,145.343320648566,146.834480079546,206
0,25.04,100,0.466309815038587,2.09839416767364,1.24719372305182,1.25161722058435,0.01021510789,145.048183285934,146.53624819335,207
0,25.04,100,0.456388329612234,2.0636689686814,1.24716469083195,1.25152310361557,0.0102142916009253,144.753863549565,146.238635211867,208
0,25.04,100,0.446677939620484,2.02947150827568,1.24713625110638,1.25143037142868,0.0102134758836319,144.4603956929,145.941680879406,209
0,25.04,100,0.437174153671112,1.99579504936812,1.24710839178336,1.25133900716651,0.0102126608509563,144.167812959399,145.645423842105,210
0,25.04,100,0.427872575933429,1.96263290265116,1.24708110101796,1.25124899407325,0.0102118466130915,143.876147599631,145.349901665564,211
0,25.04,100,0.418768904105058,1.92997842761462,1.24705436720695,1.25116031549761,0.0102110332776239,143.585430888235,145.055150852377,212
0,25.04,100,0.409858927421972,1.89782503349739,1.24702817898392,1.25107295489568,0.0102102209495697,143.295693140739,144.761206859549,213
0,25.04,100,0.401138524710866,1.86616618017664,1.24700252521443,1.25098689583372,0.0102094097314116,143.006963730238,144.468104115787,214
0,25.04,100,0.392603662482975,1.83499537899651,1.24697739499125,1.25090212199076,0.0102085997231349,142.719271103924,144.175876038677,215
0,25.04,100,0.384250393068444,1.80430619353878,1.24695277762976,1.25081861716098,0.0102077910222638,142.432642799465,143.884555051726,216
0,25.04,100,0.376074852790392,1.77409224033728,1.24692866266341,1.25073636525606,0.0102069837238972,142.147105461239,143.594172601274,217
0,25.04,100,0.36807326017783,1.74434718953841,1.24690503983923,1.25065535030728,0.0102061779207448,141.862684856399,143.304759173267,218
0,25.04,100,0.3602419142166,1.71506476550946,1.24688189911351,1.25057555646754,0.0102053737031623,141.579405890801,143.016344309894,219
0,25.04,100,0.352577192637523,1.68623874739685,1.24685923064749,1.2504969680132,0.0102045711591871,141.297292624748,142.728956626075,220
0,25.04,100,0.34507555024098,1.65786296963601,1.24683702480323,1.25041956934584,0.0102037703745733,141.016368288595,142.44262382581,221
0,25.04,100,0.337733517257129,1.62993132241484,1.24681527213946,1.25034334499387,0.0102029714328269,140.736655298177,142.157372718367,222
0,25.04,100,0.33054769774102,1.60243775209234,1.2467939634076,1.25026827961399,0.0102021744152401,140.458175270071,141.873229234329,223
0,25.04,100,0.32351476800185,1.57537626157422,1.24677308954783,1.25019435799258,0.0102013794009262,140.180949036702,141.590218441477,224
0,25.04,100,0.31663147506564,1.54874091064715,1.24675264168519,1.25012156504694,0.0102005864668536,139.904996661269,141.308364560522,225
0,25.04,100,0.309894635170626,1.52252581627308,1.24673261112587,1.25004988582648,0.0101997956878799,139.630337452508,141.027690980672,226
0,25.04,100,0.303301132294656,1.49672515284537,1.24671298935348,1.2499793055137,0.0101990071367854,139.356989979286,140.748220275039,227
0,25.04,100,0.296847916713918,1.47133315240812,1.24669376802542,1.24990980942519,0.0101982208843069,139.084972085015,140.469974215888,228
0,25.04,100,0.290532003592346,1.44634410484016,1.24667493896936,1.24984138301243,0.0101974369991705,138.814300901906,140.192973789714,229
0,25.04,100,0.284350471601019,1.4217523580051,1.24665649417976,1.24977401186257,0.0101966555481247,138.544992865039,139.917239212152,230
0,25.04,100,0.278300461566955,1.39755231786884,1.24663842581443,1.24970768169911,0.0101958765959731,138.277063726266,139.64278994273,231
0,25.04,100,0.272379175150637,1.37373844858582,1.24662072619125,1.24964237838241,0.0101951002056065,138.010528567943,139.369644699437,232
0,25.04,100,0.266583873551687,1.35030527255528,1.24660338778487,1.24957808791026,0.010194326438035,137.745401816478,139.097821473138,233
0,25.04,100,0.260911876242077,1.32724737044882,1.24658640322351,1.24951479641823,0.0101935553524198,137.481697255714,138.827337541806,234
0,25.04,100,0.255360559726288,1.30455938121038,1.24656976528586,1.24945249018005,0.0101927870061046,137.219428040136,138.558209484588,235
0,25.04,100,0.249927356327856,1.28223600202987,1.24655346689796,1.24939115560783,0.0101920214546468,136.9586067079,138.290453195697,236
0,25.04,100,0.244609753001731,1.26027198829153,1.24653750113022,1.2493307792523,0.010191258751848,136.699245193693,138.024083898138,237
0,25.04,100,0.239405290171907,1.23866215349813,1.24652186119447,1.24927134780289,0.010190498949785,136.441354841415,137.759116157249,238
0,25.04,100,0.234311560593782,1.21740136917204,1.24650654044109,1.24921284808782,0.0101897420988397,136.184946416693,137.495563894082,239
0,25.04,100,0.229326208240723,1.1964845647342,1.24649153235614,1.24915526707406,0.0101889882477288,135.930030119213,137.233440398604,240
0,25.04,100,0.224446927214324,1.175906727362,1.24647683055864,1.2490985918673,0.0101882374435338,135.676615594891,136.972758342726,241
0,25.04,100,0.219671460677849,1.15566290182695,1.24646242879782,1.24904280971179,0.0101874897317301,135.424711947862,136.713529793159,242
0,25.04,100,0.214997599812363,1.13574819031314,1.24644832095049,1.24898790799022,0.0101867451562156,135.174327752305,136.4557662241,243
0,25.04,100,0.210423182795079,1.11615775221737,1.24643450101841,1.24893387422342,0.0101860037593398,134.925471064091,136.199478529741,244
0,25.04,100,0.205946093799439,1.09688680393179,1.24642096312576,1.24888069607012,0.0101852655819316,134.678149432266,135.944677036611,245
0,25.04,100,0.201564262016472,1.07793061860983,1.24640770151664,1.24882836132662,0.0101845306633277,134.432369910361,135.691371515742,246
0,25.04,100,0.197275660696973,1.05928452591635,1.24639471055259,1.24877685792641,0.0101837990413999,134.18813906754,135.439571194666,247
0,25.04,100,0.193078306214058,1.04094391176275,1.24638198471027,1.24872617393973,0.0101830707525826,133.945462999575,135.189284769241,248
0,25.04,100,0.188970257145674,1.02290421802767,1.24636951857901,1.24867629757315,0.0101823458318997,133.704347339653,134.940520415307,249
0,25.04,100,0.184949613376617,1.00516094226422,1.24635730685859,1.24862721716902,0.0101816243129912,133.464797269026,134.693285800177,250
0,25.04,100,0.181014515219668,0.987709637394274,1.24634534435696,1.24857892120497,0.0101809062281397,133.226817527492,134.447588093947,251
0,25.04,100,0.17716314255542,0.970545911390559,1.24633362598801,1.24853139829331,0.010180191608296,132.99041242371,134.203433980656,252
0,25.04,100,0.173393713990411,0.953665426947258,1.24632214676945,1.24848463718043,0.0101794804831056,132.755585845357,133.960829669266,253
0,25.04,100,0.169704486033168,0.937063901139666,1.24631090182066,1.24843862674615,0.0101787728809329,132.522341269127,133.719780904485,254
0,25.04,100,0.166093752287781,0.92073710507357,1.24629988636062,1.24839335600306,0.0101780688288875,132.290681770565,133.480292977413,255
0,25.04,100,0.162559842664637,0.904680863524936,1.24628909570589,1.24834881409577,0.0101773683528477,132.060610033745,133.242370736043,256
0,25.04,100,0.159101122607943,0.888891054570462,1.24627852526859,1.24830499030024,0.0101766714774858,131.832128360792,133.006018595584,257
0,25.04,100,0.155715992339689,0.873363609209557,1.24626817055451,1.24826187402297,0.0101759782262916,131.605238681249,132.771240548625,258
0,25.04,100,0.152402886119695,0.858094510978283,1.24625802716113,1.24821945480024,0.0101752886215965,131.379942561288,132.53804017515,259
0,25.04,100,0.149160271521404,0.84307979555576,1.24624809077577,1.24817772229728,0.0101746026845968,131.15624121277,132.306420652378,260
0,25.04,100,0.145986648723076,0.82831555036354,1.24623835717379,1.24813666630746,0.0101739204353765,130.934135502151,132.076384764456,261
0,25.04,100,0.142880549814074,0.813797914158424,1.24622882221674,1.24809627675142,0.0101732418929306,130.713625959244,131.847934911995,262
0,25.04,100,0.139840538115903,0.799523076619182,1.24621948185066,1.24805654367622,0.0101725670751874,130.494712785826,131.621073121445,263
0,25.04,100,0.136865207517692,0.785487277927623,1.24621033210429,1.2480174572544,0.0101718959990305,130.277395864103,131.395801054321,264
0,25.04,100,0.133953181825826,0.771686808344433,1.24620136908744,1.24797900778312,0.0101712286803206,130.061674765026,131.172120016278,265
0,25.04,100,0.131103114127404,0.758118007780207,1.2461925889893,1.24794118568321,0.0101705651339175,129.847548756463,130.950030966027,266
0,25.04,100,0.128313686167247,0.744777265362063,1.24618398807684,1.24790398149823,0.0101699053737007,129.635016811235,130.729534524114,267
0,25.04,100,0.125583607738156,0.731661018996215,1.2461755626932,1.24786738589352,0.0101692494125909,129.424077615003,130.510630981538,268
0,25.04,100,0.122911616084153,0.718765754926895,1.24616730925617,1.24783138965522,0.0101685972625703,129.214729574022,130.293320308231,269
0,25.04,100,0.120296475316405,0.706088007291943,1.24615922425662,1.24779598368928,0.0101679489347029,129.006970822749,130.077602161389,270
0,25.04,100,0.117736975841588,0.693624357675442,1.24615130425707,1.2477611590205,0.0101673044391546,128.800799231326,129.863475893661,271
0,25.04,100,0.115231933802405,0.681371434657701,1.24614354589017,1.24772690679149,0.010166663785213,128.596212412921,129.650940561194,272
0,25.04,100,0.112780190530014,0.669325913362907,1.24613594585728,1.24769321826168,0.0101660269813069,128.393207730936,129.43999493154,273
0,25.04,100,0.110380612008098,0.65748451500476,1.2461285009271,1.24766008480626,0.010165394035025,128.191782306085,129.230637491419,274
0,25.04,100,0.108032088348352,0.645844006430363,1.24612120793427,1.24762749791522,0.0101647649531352,127.991933023344,129.022866454352,275
0,25.04,100,0.10573353327711,0.634401199662661,1.24611406377803,1.24759544919222,0.010164139741603,127.793656538771,128.816679768151,276
0,25.04,100,0.103483883632916,0.623152951441692,1.2461070654209,1.24756393035362,0.0101635184056096,127.596949286197,128.612075122275,277
0,25.04,100,0.101282098874769,0.612096162764909,1.24610020988739,1.24753293322739,0.0101629009495703,127.401807483794,128.409049955059,278
0,25.04,100,0.099127160600838,0.601227778426821,1.24609349426272,1.24750244975207,0.0101622873771518,127.208227140522,128.207601460806,279
0,25.04,100,0.0970180720774159,0.590544786558183,1.24608691569161,1.2474724719757,0.0101616776912897,127.01620406245,128.007726596749,280
0,25.04,100,0.0949538577778964,0.580044218164975,1.24608047137706,1.24744299205476,0.0101610718942058,126.825733858958,127.809422089889,281
0,25.04,100,0.0929335629315582,0.569723146667378,1.24607415857914,1.24741400225311,0.0101604699874251,126.636811948818,127.612684443703,282
0,25.04,100,0.0909562530819505,0.559578687438956,1.24606797461382,1.2473854949409,0.0101598719717918,126.449433566164,127.417509944726,283
0,25.04,100,0.089021013654675,0.549607997346254,1.24606191685187,1.24735746259351,0.0101592778474865,126.263593766341,127.223894669014,284
0,25.04,100,0.0871269495343628,0.539808274288986,1.24605598271773,1.2473298977905,0.0101586876140414,126.079287431639,127.031834488479,285
0,25.04,100,0.0852731846506529,0.530176756741016,1.24605016968836,1.24730279321448,0.0101581012703568,125.896509276918,126.841325077111,286
0,25.04,100,0.0834588615729795,0.520710723292285,1.24604447529224,1.2472761416501,0.0101575188147164,125.715253855122,126.652361917073,287
0,25.04,100,0.0816831411139799,0.511407492191874,1.24603889710829,1.24724993598291,0.0101569402448025,125.53551556268,126.464940304683,288
0,25.04,100,0.079945201941342,0.502264420892344,1.24603343276483,1.24722416919834,0.0101563655577111,125.357288644802,126.279055356282,289
0,25.04,100,0.0782442401979092,0.493278905595514,1.24602807993858,1.24719883438061,0.0101557947499667,125.180567200668,126.094702013986,290
0,25.04,100,0.0765794691298686,0.484448380799821,1.24602283635368,1.24717392471163,0.010155227817537,125.005345188513,125.911875051322,291
0,25.04,100,0.0749501187228501,0.475770318849396,1.24601769978072,1.24714943346997,0.0101546647558469,124.831616430605,125.73056907876,292
0,25.04,100,0.0733554353457682,0.467242229485002,1.24601266803578,1.24712535402977,0.0101541055597926,124.659374618127,125.550778549129,293
0,25.04,100,0.0717946814022412,0.458861659396933,1.24600773897951,1.24710167985969,0.0101535502237558,124.488613315953,125.372497762929,294
0,25.04,100,0.0702671349894276,0.450626191780024,1.24600291051622,1.24707840452181,0.0101529987416168,124.319325967328,125.195720873534,295
0,25.04,100,0.0687720895641206,0.442533445890863,1.24599818059301,1.24705552167063,0.0101524511067679,124.151505898453,125.020441892292,296
0,25.04,100,0.0673088536159478,0.434581076607315,1.24599354719884,1.24703302505196,0.0101519073121268,123.985146322966,124.846654693524,297
0,25.04,100,0.0658767503475234,0.426766773990477,1.24598900836373,1.24701090850189,0.0101513673501492,123.820240346339,124.674353019413,298
0,25.04,100,0.0644751173614059,0.419088262849138,1.24598456215791,1.24698916594576,0.0101508312128416,123.656780970175,124.503530484798,299
